{
  "dataset": "ViMath-Prereq-Module1-v1",
  "encoder": "BAAI/bge-m3",
  "input_text_mode": "name+definition",
  "pair_mode": "concat_rich",
  "embedding_dim": 1024,
  "input_dim": 4096,
  "hidden_dim": 512,
  "dropout": 0.3,
  "threshold": 0.235,
  "seed": 5,
  "epoch": 13,
  "created_at": "2026-07-04T10:57:03Z",
  "selected_from_seeds": [
    42,
    25,
    2019,
    5,
    13
  ],
  "selection_rule": "max val_f1, tie val_ap, tie heldout_auc",
  "best_checkpoint": "vimath_bgem3_namedef_concat_rich_best.pth",
  "all_seed_checkpoints": [
    "vimath_bgem3_namedef_concat_rich_seed_13.pth",
    "vimath_bgem3_namedef_concat_rich_seed_2019.pth",
    "vimath_bgem3_namedef_concat_rich_seed_25.pth",
    "vimath_bgem3_namedef_concat_rich_seed_42.pth",
    "vimath_bgem3_namedef_concat_rich_seed_5.pth"
  ],
  "best_metrics": {
    "seed": 5,
    "epoch": 13,
    "train_loss": 0.15379028419958302,
    "val_loss": 0.34211450815200806,
    "threshold": 0.235,
    "val_accuracy": 0.925,
    "val_precision": 0.8695652173913043,
    "val_recall": 1.0,
    "val_f1": 0.9302325581395349,
    "val_ap": 0.9331996097820906,
    "val_auc": 0.9425,
    "test_accuracy": 0.7857142857142857,
    "test_precision": 0.7307692307692307,
    "test_recall": 0.9047619047619048,
    "test_f1": 0.8085106382978723,
    "test_ap": 0.8034369522219662,
    "test_auc": 0.8412698412698413,
    "heldout_accuracy": 0.7397518878101402,
    "heldout_precision": 0.019348268839103868,
    "heldout_recall": 0.9047619047619048,
    "heldout_f1": 0.03788634097706879,
    "heldout_ap": 0.22479196277807217,
    "heldout_auc": 0.9271701086184406,
    "full_accuracy": 0.741745816372682,
    "full_precision": 0.15052160953800298,
    "full_recall": 0.9901960784313726,
    "full_f1": 0.2613195342820181,
    "full_ap": 0.5293185458418416,
    "full_auc": 0.9586540875240567
  },
  "checkpoint_file": "prereq_vimath_bgem3_namedef_concat_rich.pth",
  "imported_from": "/home/linh/Downloads/datn_latest/bc_with_code/module1_update/kaggle/vimath_checkpoint.zip"
}
